gid,title,proba
1,3d наклейки на телефон,0
2,3d принтер,0
3,3d лампа,0
4,3d ручка,0
5,абонемент в автомойку,0
6,абонемент в бассейн,0
7,абонемент в тренажерный зал,0
8,абонемент в фитнес-клуб,0
9,абонемент в школу танцев,0
10,абонемент на занятия по йоге,0
11,абонемент на футбольный сезон,0
12,автобокс на крышу,0
14,автомагнитола,0
15,автомобиль,0
18,автомобильное зарядное устройство,0
20,автомобильный держатель для телефона,0
22,автомобильный компрессор,0
23,автомобильный пылесос,0
24,автомобильный сабвуфер,0
25,автомобильный усилитель,0
26,автомобильный холодильник,0
27,авторский шоколад,0
28,аквариум с рыбками,0
29,акваферма,0
30,акустическая система,0
31,алкотестер,0
32,альбом для наклеек,0
33,анатомическая подушка,0
34,антивозрастная косметика,0
35,антикварная мебель,0
36,антикварная посуда,0
37,антистрессовая игрушка,0
38,антистрессовая подушка,0
39,аппарат для приготовления пончиков,0
40,аппарат для приготовления сладкой ваты,0
41,аппарат для приготовления чуррос,0
42,аппарат для приготовления хот-догов,0
43,арбалет,0
45,аромадиффузор,0
46,аромалампа,0
47,ароматические свечи,0
48,аэрогриль,0
49,аэрофритюрница,0
51,байдарка,0
52,балалайка,0
53,балансборд,0
54,балетки,0
55,бандаж спортивный,0
56,банкноты иностранные,0
57,банное полотенце,0
58,банный набор,0
59,батут для фитнеса,0
60,беговая дорожка,0
61,бензиновая зажигалка,0
62,бензопила,0
63,беспроводные наушники,0
64,бигуди,0
65,билет в кино,0
66,билет в театр,0
67,билет на балет,0
68,билет на бизнес-тренинг,0
69,билет на выставку,0
70,билет на футбольный матч,0
71,билет на концерт,0
72,билет на мюзикл,0
73,билет на оперу,0
74,бильярдный стол с комплектом,0
75,бинокль,0
76,бинокль театральный,0
77,биокамин,0
78,бита бейсбольная,0
79,блендер,0
80,блинница,0
81,блины для штанги,0
82,блузка,0
83,бокал с гравировкой,0
84,боксерская груша,0
85,боксерские перчатки,0
86,болгарка,0
87,босоножки ,0
88,ботильоны ,0
89,ботинки,0
90,браслет,0
91,браслет ручной работы,0
92,брелок,0
93,брелок с гравировкой,0
94,бриджи,0
95,брошь,0
96,будильник с мишенью,0
97,букет из деликатесов,0
98,букет из мыла,0
99,букет из мягких игрушек,0
100,букет из сладостей,0
101,букет цветов,0
102,бумажник,0
103,бусы,0
104,бутылка для воды с фильтром,0
105,органайзер для косметики,0
106,ваза,0
108,валик для сна с ароматравами,0
109,варочная панель,0
110,вафельница,0
111,веб-камера,0
112,ведёрко для льда с щипцами,0
113,веер складной,0
114,вейп,0
115,велокомпьютер,0
116,велосипед,0
117,велотренажер,0
118,веник для бани,0
119,вентилятор,0
120,ветчинница,0
121,умный блокнот,0
122,вечный календарь,0
123,видео с поздравлением,0
124,видеоигра,0
125,видеокамера,0
126,видеорегистратор,0
127,виниловые пластинки,0
128,виниловый проигрыватель,0
129,винный шкаф,0
130,вино,0
131,винтажная шкатулка,0
132,винтажное украшение,0
133,винтажные журналы,0
134,винтажные часы,0
135,виски,0
136,внешний жесткий диск,0
137,водные лыжи,0
138,водонагреватель,0
139,воздушные шары,0
140,воздушный змей,0
141,волейбольная сетка,0
142,волейбольный мяч,0
143,выпрямитель для волос,0
144,вытяжка,0
145,вязаные вещи,0
146,газонокосилка,0
147,гайковерт,0
148,галстук,0
149,гамак,0
150,гамак для йоги ,0
151,гантели,0
152,геймерские наушники,0
153,геймерское кресло,0
154,геймпад,0
155,геймпад для смартфона,0
158,гидромассажная ванночка для ног,0
159,гироскутер,0
160,гиря,0
161,гладильная доска,0
162,глобус-бар,0
163,горелка газовая,0
164,городской рюкзак,0
165,гостиная стенка,0
168,графический планшет,0
169,гребной тренажёр,0
170,гриль,0
171,гриф,0
173,дарсонваль,0
174,дартс,0
175,декантер,0
176,декоративная косметика,0
177,декоративные диванные подушки,0
178,декоративный садовый фонтан,0
179,деловой портфель,0
180,деньги,0
181,держатель для винных бутылок,0
182,держатель планшета автомобильный на подголовник,0
183,джамперы,0
184,джинсы,0
185,диван,0
186,диктофон,0
187,диски на автомобиль,0
188,диффузор ароматический,0
189,дождевик,0
190,док-станция для ноутбука,0
191,домашнее растение,0
192,домашние тапочки,0
193,домашний питомец,0
194,домашний планетарий,0
195,домашняя пивоварня,0
196,домашняя теплица,0
197,домкрат,0
198,дорожная аптечка,0
199,дорожный набор для сна,0
200,дорожный несессер,0
201,дорожный плед,0
203,дрель,0
204,дрель-шуруповерт,0
205,дровница,0
206,бочка дубовая для выдержки,0
207,духовой шкаф,0
209,ежедневник,0
210,женская сумка,0
211,живые цветы в вакууме,0
212,жилет,0
213,жиросжигатель в капсулах,0
214,журнальный столик,0
215,заварочная кружка,0
216,замок для велосипеда,0
217,запарник для бани,0
218,записная книжка,0
219,запонки и булавка для галстука,0
220,зеркало,0
221,зеркало с подсветкой,0
222,зонт,0
223,зонт от солнца,0
224,зонт-катана,0
225,игровая клавиатура,0
226,игровая мышь,0
227,игровая приставка,0
228,игровой ноутбук,0
229,игровой руль,0
231,игрушка-повторюшка,0
233,икона,0
234,икорница,0
235,именная подушка,0
236,именное украшение с гравировкой,0
237,ионизатор воздуха,0
238,ирригатор,0
239,йогуртница,0
240,кадка для засолки,0
241,казан,0
242,калимба,0
243,калькулятор,0
244,кальян,0
245,камера заднего вида,0
246,подсвечник,0
247,канцелярский набор,0
248,капсульная кофемашина,0
249,карамелизатор,0
250,караоке,0
251,караоке-микрофон с bluetooth,0
252,карта мира,0
253,картина,0
254,алмазная мозаика,0
255,картхолдер,0
256,карты таро,0
257,кашпо,0
258,квадрокоптер,0
259,квадроцикл,0
260,кеды,0
261,кексница,0
262,керамбит,0
263,керосиновая лампа,0
264,кигуруми,0
265,килт для бани,0
266,кинезиотейп,0
267,кистевой тренажер,0
268,кисти для маникюра,0
269,клавиатура,0
270,классическая гитара,0
271,клатч,0
272,ключница настенная,0
273,книга по психологии,0
274,книга художественной литературы,0
275,ковер на пол,0
276,коврик для ванной,0
277,коврик для йоги и фитнеса,0
278,коврик для туризма,0
279,коврик придверный,0
281,колготки,0
282,коллекционная модель автомобиля,0
283,коллекционные марки,0
284,коллекционные монеты,0
285,колонка,0
286,колонки автомобильные,0
287,топор-колун,0
288,колье,0
289,кольцо,0
290,кольцо для платка,0
291,кольцо для селфи,0
292,компас,0
293,комплект белья,0
294,комплект мебели для ванной,0
295,комплект мебели для спальни,0
296,комплект постельного белья,0
297,комплект прихожей ,0
298,комплект садовой мебели,0
299,комплект штор,0
300,компьютер,0
301,компьютерная мышь,0
302,компьютерное кресло,0
303,компьютерный стол,0
304,кондитерский мастер-класс,0
305,кондиционер,0
306,консоль nintendo,0
307,контейнер для хранения инструментов,0
308,конфетница,0
309,конфеты в коробке,0
310,конфеты ручной работы,0
311,коньяк,0
312,копилка,0
313,коптильня,0
314,корзинка со сладостями,0
315,коробка жвачки love is…,0
316,косметичка,0
317,космическое питание,0
318,костюм камуфляжный,0
319,костюм классический,0
320,кофеварка,0
321,кофейный сервиз,0
322,кофемашина,0
323,кофемолка,0
324,кошелек,0
325,красная икра,0
326,кресло,0
327,кресло-качалка,0
328,кресло-мешок,0
329,кровать,0
330,кроссовки,0
331,кружка,0
332,кружка с usb-подогревом,0
333,кубок для награждения,0
334,кулинарный термометр,0
335,купальник,0
337,курительная трубка,0
338,кухонные весы,0
339,кухонный гарнитур,0
340,кухонный измельчитель,0
341,кухонный комбайн,0
342,кухонный модуль навесной,0
343,кухонный уголок,0
344,лава-лампа,0
345,лазерный уровень,0
346,лампа для маникюра,0
347,ланч-бокс,0
348,ласты для плавания,0
350,летающая колонка,0
351,лобзик электрический,0
352,лонгборд,0
353,лыжи,0
354,магнитная доска,0
355,магнитный браслет для строительный,0
356,манга,0
357,мангал,0
358,манекен для бокса,0
359,маникюрный набор,0
360,маринатор,0
361,маркеры для дизайна ногтей,0
362,маска для сна,0
363,массажная накидка на кресло автомобиля,0
364,массажное кресло,0
365,массажный коврик для ног,0
367,мастер-класс большого тенниса,0
368,мастер-класс игры на музыкальных инструментах,0
369,мастер-класс мыловарения,0
370,мастер-класс по актерсокму искусству,0
371,мастер-класс по гольфу,0
372,мастер-класс по гончарному делу,0
373,мастер-класс по граффити,0
374,мастер-класс по живописи,0
375,мастер-класс по изготовлению ароматических свечей,0
376,мастер-класс по изготовлению бижутерии,0
377,мастер-класс по изготовлению витража ,0
378,мастер-класс по кузнечной ковке,0
379,мастер-класс по кулинарии,0
380,мастер-класс по пению,0
381,мастер-класс по пивоварению,0
382,мастер-класс по приготовлению суши,0
383,мастер-класс по рисованию,0
384,мастер-класс по ручной лепке ,0
385,мастер-класс по скрапбукингу,0
386,мастер-класс по созданию бомбочек для ванны,0
387,мастер-класс по созданию духов,0
388,мастер-класс по созданию косметики,0
389,мастер-класс по танцам,0
390,мастер-класс по файер-шоу,0
391,мастер-класс росписи футболок,0
393,матрешки,0
394,маффинница,0
396,машинка для макаронных изделий,0
397,машинка для удаления катышков,0
398,медаль для награждения,0
400,мельницы для специй,0
401,менажница,0
402,металлоискатель,0
403,метеостанция,0
404,меховые наушники,0
405,микроволновая печь,0
406,микроскоп,0
407,миксер,0
408,набор для игры в мини-гольф,0
409,многофункциональная лопата,0
410,многофункциональная овощерезка,0
411,многофункциональный отпариватель,0
412,многофункциональный турник,0
414,мольберт для рисования,0
415,монитор,0
416,моноблок,0
417,моноколесо,0
418,монокуляр,0
419,монопод,0
420,мороженица,0
421,морозильная камера,0
422,морская соль для ванны,0
423,мотоблок,0
424,моторная лодка ,0
425,мотоцикл,0
426,моющий пылесос,0
427,музыкальная шкатулка,0
428,мультиварка,0
429,мультитул,0
430,муравьиная ферма,0
431,МФУ,0
432,мыло ручной работы,0
433,мыльные пузыри,0
434,мягкая игрушка,0
435,мясорубка,0
436,мяч баскетбольный,0
437,бандана,0
438,мяч для регби,0
439,мяч массажный,0
440,мяч на резинке для бокса,0
441,мяч пляжный,0
442,мяч футбольный,0
443,мячи для жонглирования,0
444,набор акварельных маркеров,0
445,набор акриловых красок,0
446,набор ароматизаторов для автомобиля,0
447,набор база для ногтей,0
448,набор бокалов,0
449,набор гель-лаков,0
450,набор деликатесов,0
451,набор для бадминтона,0
452,набор инструментов для барбекю,0
453,набор для большого тенниса,0
454,набор для бритья мужской,0
455,набор для вина,0
456,набор для виски,0
457,набор для выживания,0
458,набор для выращивания растений,0
459,набор для глинтвейна,0
460,набор для закусок,0
461,набор для игры в петанк,0
462,набор для мыловарения,0
463,набор для написания картин,0
464,набор для пикника,0
465,набор для подводного плавания,0
466,набор для игры в покер,0
467,набор для приготовления коктейлей,0
468,набор для приготовления мороженного,0
469,набор для приготовления роллов,0
470,набор для приготовления шоколада,0
471,набор для рисования,0
472,набор для росписи,0
473,набор для рукоделия,0
474,набор для рыбалки,0
475,набор для скрапбукинга,0
476,набор для создания слепков,0
477,набор для создания украшений,0
478,набор для стоунтерапии,0
479,набор для ухода за бородой,0
480,набор для фондю,0
481,набор емкостей для сыпучих продуктов,0
482,набор инструментов автомобильный,0
483,набор универсальных инструментов,0
484,набор кистей для макияжа,0
485,набор кистей для рисования ,0
486,набор кофе,0
487,набор кухонных ножей,0
488,набор массажных масел,0
489,набор меда,0
490,набор носков,0
491,набор объективов и фильтров для смартфона,0
492,набор палок для скандинавской ходьбы,0
493,набор пирожных макарон,0
494,набор по уходу за обувью,0
495,набор по уходу за телом,0
496,набор полотенец,0
497,набор посуды для готовки,0
498,набор пробников духов,0
499,набор пуэра,0
500,набор растущих карандашей,0
501,набор садовых инструментов,0
502,набор столовых приборов,0
503,набор складной мебели,0
504,набор специй и приправ,0
505,набор средств для волос,0
506,набор средств по уходу за автомобилем,0
507,набор стаканов,0
508,набор стопок,0
509,набор сухофруктов,0
510,набор трав и специй для приготовления настоек для самогона,0
511,набор чая,0
512,набор экзотических фруктов,0
513,набор электроинструментов,0
514,надувная лодка,0
515,надувной бассейн,0
516,надувной круг для плавания,0
517,надувной матрас,0
518,нарды,0
519,наручные часы,0
520,настенные часы,0
522,настольная боксерская груша,0
523,настольная игра,0
524,настольная лампа,0
525,настольная плита,0
526,настольные часы,0
527,настольный аэрохоккей,0
528,настольный вентилятор,0
529,настольный теннис,0
530,настольный футбол,0
531,настольный хоккей,0
532,небесный фонарик желаний,0
533,нитрат-тестер,0
534,нож ручной работы,0
535,нож-бабочка,0
536,ножницы-кусторез,0
537,носки в банке,0
538,ноутбук,0
539,ночник,0
540,нунчаки для тренировок,0
541,обливное устройство для бани и сауны,0
542,обогреватель,0
544,обруч,0
545,одежда с фотопринтом,0
547,ожерелье,0
549,органайзер,0
550,органайзер для автомобиля,0
551,организовать пикник на природе,0
552,организовать ужин в ресторане,0
553,органическая косметика,0
554,орешница,0
555,ортопедическая подушка,0
556,ортопедический коврик,0
557,ортопедический матрас,0
558,ортопедическое кресло,0
559,оскар для награждения,0
560,открытка ручной работы,0
561,охлаждающая подставка для ноутбука,0
562,охотничий нож,0
563,очки с видеокамерой,0
564,палантин,0
565,палатка,0
566,палетка теней,0
567,панно,0
568,пароварка,0
569,паровая станция,0
570,паровая швабра,0
571,пароочиститель,0
572,парфюмерия,0
574,пепельница автомобильная,0
575,перкуссионный массажер,0
576,персональный журнал,0
577,перстень,0
578,перфоратор,0
579,перчатки для тренировок,0
580,перьевая ручка,0
581,петли тренировочные,0
582,печь для казана,0
584,пивная каска,0
585,пивная кружка,0
586,пивной набор,0
587,пиджак,0
588,пижама,0
589,пила циркулярная,0
590,пилка для ног и пяток,0
591,пистолет клеевой,0
592,питбайк,0
593,плазменный шар с молниями,0
594,планшет,0
595,пластилин,0
596,платок,0
597,платформа для отжиманий,0
598,платье,0
599,плед,0
600,плетеная мебель,0
601,плита кухонная,0
602,пневматическое оружие,0
603,подарочный алкогольный набор,0
604,подарочный набор 18+ ,0
605,подарочный сертификат в аквапарк,0
606,подарочный сертификат в баню или сауну,0
607,подарочный сертификат в батутный центр,0
608,подарочный сертификат в боулинг,0
609,подарочный сертификат в косметический магазин,0
610,подарочный сертификат в магазин парфюмерии,0
611,подарочный сертификат в магазин техники,0
612,подарочный сертификат в парк аттракционов,0
613,подарочный сертификат в продуктовый магазин,0
614,подарочный сертификат в салон красоты,0
615,подарочный сертификат в спа-салон,0
616,подарочный сертификат на верховую езду,0
617,подарочный сертификат на горные лыжи или сноуборд,0
618,подарочный сертификат на дайвинг,0
619,подарочный сертификат на дегустацию вин с сомелье,0
620,подарочный сертификат на дегустацию вина и сыра,0
621,подарочный сертификат на детейлинг автомобиля,0
622,подарочный сертификат на заезд на водном мотоцикле,0
623,подарочный сертификат на запись песни в студии,0
624,подарочный сертификат на игру в лазертаг,0
625,подарочный сертификат на игру в пейнтбол,0
626,подарочный сертификат на индивидуальный пошив одежды,0
627,подарочный сертификат на картинг,0
628,подарочный сертификат на катание на багги,0
629,подарочный сертификат на катание на квадроцикле,0
630,подарочный сертификат на катание на оленьей упряжке,0
631,подарочный сертификат на катание на снегоходе,0
632,подарочный сертификат на катание на собачьих упряжках,0
633,подарочный сертификат на квест,0
634,подарочный сертификат на конную прогулку,0
635,подарочный сертификат на косметологические услуги,0
636,подарочный сертификат на круиз,0
637,подарочный сертификат на курсы бармена,0
638,подарочный сертификат на курсы массажа,0
639,подарочный сертификат на курсы экстремального вождения,0
640,подарочный сертификат на массаж,0
641,подарочный сертификат на обучение в автошколе,0
642,подарочный сертификат на плавание с дельфинами,0
643,подарочный сертификат на полет в аэротрубе,0
644,подарочный сертификат на полёт на аэрошюте,0
645,подарочный сертификат на полёт на вертолёте,0
646,подарочный сертификат на полет на воздушном шаре,0
647,подарочный сертификат на полет на истребителе,0
648,подарочный сертификат на полёт на параплане,0
649,подарочный сертификат на полёт на флайборде,0
650,подарочный сертификат на прогулку на лимузине,0
651,подарочный сертификат на прыжок с веревкой,0
652,подарочный сертификат на прыжок с парашютом,0
653,подарочный сертификат на речную прогулку,0
654,подарочный сертификат на рыбный пилинг,0
655,подарочный сертификат на скалодром,0
656,подарочный сертификат на стрельбу из боевого оружия,0
657,подарочный сертификат на стрижку в барбершопе,0
658,подарочный сертификат на татуировку,0
659,подарочный сертификат на тюнинг автомобиля,0
660,подарочный сертификат на уроки визажа,0
661,подарочный сертификат на уроки самообороны,0
662,подарочный сертификат на флоатинг,0
663,подарочный сертификат на фотосессию,0
664,подарочный сертификат на шопинг со стилистом,0
665,подарочный сертификат на экскурсию,0
666,подвесное кресло садовое,0
667,подставка для украшений,0
668,подушка,0
669,подушка для шеи на автомобиль,0
670,подушка-массажер,0
671,организовать отдых за границей,0
672,поездка на горнолыжный курорт,0
673,полноразмерные наушники,0
674,полотенце спортивное из микрофибры,0
675,полушубок,0
676,попкорница,0
677,портативная колонка,0
678,портативный аккумулятор,0
679,портативный блендер,0
680,портативный душ,0
681,портативный увлажнитель для лица,0
682,портмоне,0
683,портрет,0
684,портсигар,0
685,посадить совместное деревце,0
686,постер,0
687,посуда с фотографией,0
688,посудомоечная машина,0
689,походная пила,0
690,пояс для похудения ,0
691,прибор ночного видения,0
692,прибор ультразвукового очищения лица,0
693,принтер,0
694,проводные наушники для смартфона,0
695,проектор,0
696,проектор для смартфона,0
697,протеиновые батончики,0
698,путевка в санаторий,0
699,путевка на море,0
701,пылесос,0
702,пылесос для клавиатуры,0
705,расческа,0
706,расческа-выпрямитель,0
707,рация,0
708,ремень,0
709,робот для мойки окон,0
710,робот-пылесос,0
711,родословная книга,0
712,ролик для пресса,0
713,ролик массажный,0
714,роликовые коньки,0
715,роликовый массажер для лица,0
716,роллерсёрф,0
717,рубанок электрический,0
718,рубашка,0
719,"ручка шариковая, подарочная",0
720,ручные весы,0
721,сабельная пила,0
722,сабо,0
723,садовая скамейка,0
724,садовые качели,0
725,садовый диван,0
726,садовый измельчитель,0
727,садовый стол,0
729,саженцы редких растений,0
730,салют,0
731,самовар,0
732,самогонный аппарат,0
733,самокат,0
734,сандали,0
735,сауна для лица,0
736,саундбар,0
737,сборная модель корабля,0
738,сборник классической поэзии,0
739,сборник кулинарных рецептов,0
740,сварочный аппарат,0
741,светомузыка,0
742,свитер,0
743,сегвей,0
744,сейф,0
745,секундомер спортивный,0
747,серьги,0
748,сигары,0
749,силовой тренажер,0
750,синтезатор,0
751,система капельного полива,0
752,скакалка,0
753,скакалка с утяжелителями,0
754,скамья спортивная,0
755,сканер,0
756,скейтборд,0
757,складная беседка,0
758,складное зеркальце с расческой,0
759,складной нож,0
760,складной столик для ноутбука,0
761,скрипка,0
762,скульптура,0
763,скутер,0
764,набор со сладостями,0
765,слуховой аппарат,0
766,слэклайн,0
767,смарт-часы,0
768,смартфон,0
769,снегоход,0
770,сноуборд,0
771,снять фильм-поздравление,0
772,соковыжималка,0
773,солевая лампа,0
774,солнцезащитные очки,0
776,сочинить стихотворение,0
777,спальный мешок,0
778,спеть песню,0
779,спиннинг,0
780,спонжи для макияжа,0
781,спортивная бутылка,0
782,спортивная сумка,0
783,спортивное питание,0
784,спортивные резинки для фитнеса,0
785,спортивный лук,0
786,средства для ухода за автомобилем,0
787,стабилизатор для смартфона,0
788,стартер для угля,0
789,статуэтка,0
790,стельки с подогревом,0
791,стенка для фотографий,0
792,стиральная машина,0
793,столик для ванной,0
795,столовый сервиз,0
796,стремянка,0
797,строительный фен,0
798,студийный микрофон,0
799,сувенирное оружие,0
800,сумка для инструмента,0
801,сумка для ноутбука,0
802,сумка на пояс,0
804,сумка-холодильник,0
805,сундук садовый,0
806,сушилка для белья,0
807,сушилка для обуви антибактериальная,0
808,сушилка для овощей и фруктов,0
809,сырная корзина,0
810,сэндвичница,0
811,танцевальный коврик,0
812,тарталетница,0
813,твистер,0
814,телевизор,0
815,телескоп,0
816,теплица,0
817,термобелье,0
818,термоконтейнер,0
819,термокружка,0
821,термос,0
822,тетрадь с замком,0
823,толстовка,0
824,тонометр,0
825,торт,0
826,напольный светильник,0
827,тостер,0
828,дорожный кошелек,0
830,триммер,0
831,триммер садовый,0
837,тумба для запрыгиваний,0
838,туристический рюкзак,0
839,турка,0
840,турник,0
841,туфли женские,0
843,тушь для прядей,0
845,тюль для комнаты,0
846,убегающий будильник,0
847,увлажнитель воздуха,0
848,угги,0
849,укулеле,0
850,ультразвуковой отпугиватель грызунов и насекомых,0
851,умная бутылка,0
852,умная колонка,0
853,система умного дома,0
854,умный зонт,0
855,умный сад,0
856,универсальный водонепроницаемый чехол,0
857,устроить вечеринку,0
858,устроить романтическое свидание в отеле ,0
859,устройство для успокоения и нормализации сна,0
860,утюг,0
861,утяжелители,0
862,уходовая косметика,0
863,фамильный герб,0
864,фанатская атрибутика,0
865,фартук,0
866,фен,0
867,фен-щетка,0
868,фигурки для сада,0
869,фигурные коньки,0
870,фильтр для воды,0
872,фитбол,0
873,фитнес-браслет,0
875,флейта,0
876,флешка,0
877,флип-флоп портрет,0
878,флорариум,0
879,фляжка,0
880,фонарик,0
881,формочки для выпекания,0
882,фотоальбом,0
883,фотоаппарат,0
884,фотоаппарат моментальной печати,0
885,фотоколлаж,0
886,фотокружка,0
887,фоторамка,0
888,фотоэпилятор,0
889,френч-пресс,0
890,фруктовый букет,0
891,футболка,0
892,халат,0
894,хищное растение,0
895,хлебопечка,0
896,хоккейная клюшка,0
897,хоккейные коньки,0
898,холодильник,0
899,худи,0
900,цепочка,0
901,цифровая фоторамка,0
902,чайник,0
903,чайный сервиз,0
904,часы карманные,0
906,чехол для телефона,0
907,чехол-аккумулятор для смартфона,0
908,чокер,0
909,чулки,0
910,шаль,0
911,шампуры самокруты,0
912,шапка,0
914,шар-предсказатель,0
915,шарф,0
916,шары ньютона,0
918,шашлычный набор,0
919,швейная машинка,0
920,швейный набор,0
921,швейцарский нож,0
922,шезлонг,0
923,шейкер,0
924,шины на автомобиль,0
925,шкатулка,0
926,шкатулка для рукоделия и шитья,0
927,шкаф,0
928,шлем виртуальной реальности,0
929,шлифмашина,0
930,шляпа,0
931,шоколадный набор,0
932,шоколадный фонтан,0
933,шорты,0
934,штанга,0
935,штаны,0
936,штатив,0
937,штопор электрический,0
939,штроборез,0
940,шуба,0
942,щипцы для завивки волос,0
943,набор для рисования на воде,0
944,экзотическое растение,0
945,эко-будильник,0
946,экшн-камера,0
947,элекстрическая зажигалка,0
948,электрическая зубная щетка,0
949,электрическая пилка для ногтей,0
950,электрическая рыбочистка,0
951,электрический котел отопления,0
952,электробигуди,0
953,электробритва,0
954,электровелосипед,0
955,электрогитара,0
956,электрокамин,0
957,электронная книга,0
958,электронная мерная ложка,0
959,электронная сигарета,0
960,электронные напольные весы,0
961,электроотвертка,0
963,электросамокат,0
964,электроскейт,0
965,электрошашлычница,0
966,электрошокер,0
967,эллиптический тренажер,0
968,энциклопедия,0
969,эпилятор,0
970,набор эфирных масел,0
971,юбка,0
972,ювелирная подвеска,0
973,ящик для инструментов,0
974,bluetooth-гарнитура,0
975,GPS-навигатор,0
976,SUP-доска,0
977,подарочный сертипикат на генетический тест,0
